gse_id,title,taxon,entrytype,n_ftp_files,ftp_error,ftp_files,interesting_files,has_de_keyword,known_active_paper_id,queries
GSE71401,Tumor hypoxia causes DNA hypermethylation by reducing TET activity (RNA-Seq),Homo sapiens,GSE,2,,GSE71401_processed_read_counts_RNAseq.txt.gz;GSE71401_raw_read_counts_DMSO.txt.gz,GSE71401_processed_read_counts_RNAseq.txt.gz;GSE71401_raw_read_counts_DMSO.txt.gz,False,False,"""hypoxia"" ""edgeR"" ""GSE"" ""Homo sapiens"""
GSE71403,Tumor hypoxia causes DNA hypermethylation by reducing TET activity,Mus musculus; Homo sapiens,GSE,2,,GSE71403_RAW.tar;filelist.txt,,False,False,"""hypoxia"" ""edgeR"" ""GSE"" ""Homo sapiens"""
GSE95280,The hypoxic landscape of melanoma,Homo sapiens,GSE,11,,GSE95280_RAW.tar;GSE95280_edgeR_501_hypoxia_t12h_relative_to_t0_QLF-test_filtered_1cpm_3rep.txt.gz;GSE95280_edgeR_501_hypoxia_t24h_relative_to_t0_QLF-test_filtered_1cpm_3rep.txt.gz;GSE95280_edgeR_501_hypoxia_t48h_relative_to_t0_QLF-test_filtered_1cpm_3rep.txt.gz;GSE95280_edgeR_IGR37_hypoxia_t12h_relative_to_t0_QLF-test_filtered_1cpm_3rep.txt.gz;GSE95280_edgeR_IGR39_hypoxia_t12h_relative_to_t0_QLF-test_filtered_1cpm_3rep.txt.gz;GSE95280_edgeR_IGR39_hypoxia_t24h_relative_to_t0_QLF-test_filtered_1cpm_3rep.txt.gz;GSE95280_edgeR_shHIF1a_hypoxia_t12h_relative_to_t0_QLF-test_filtered_1cpm_3rep.txt.gz;GSE95280_edgeR_shHIF1a_hypoxia_t24h_relative_to_t0_QLF-test_filtered_1cpm_3rep.txt.gz;GSE95280_edgeR_shHIF1a_hypoxia_t48h_relative_to_t0_QLF-test_filtered_1cpm_3rep.txt.gz;filelist.txt,GSE95280_edgeR_501_hypoxia_t12h_relative_to_t0_QLF-test_filtered_1cpm_3rep.txt.gz;GSE95280_edgeR_501_hypoxia_t24h_relative_to_t0_QLF-test_filtered_1cpm_3rep.txt.gz;GSE95280_edgeR_501_hypoxia_t48h_relative_to_t0_QLF-test_filtered_1cpm_3rep.txt.gz;GSE95280_edgeR_IGR37_hypoxia_t12h_relative_to_t0_QLF-test_filtered_1cpm_3rep.txt.gz;GSE95280_edgeR_IGR39_hypoxia_t12h_relative_to_t0_QLF-test_filtered_1cpm_3rep.txt.gz;GSE95280_edgeR_IGR39_hypoxia_t24h_relative_to_t0_QLF-test_filtered_1cpm_3rep.txt.gz;GSE95280_edgeR_shHIF1a_hypoxia_t12h_relative_to_t0_QLF-test_filtered_1cpm_3rep.txt.gz;GSE95280_edgeR_shHIF1a_hypoxia_t24h_relative_to_t0_QLF-test_filtered_1cpm_3rep.txt.gz;GSE95280_edgeR_shHIF1a_hypoxia_t48h_relative_to_t0_QLF-test_filtered_1cpm_3rep.txt.gz,True,False,"""hypoxia"" ""edgeR"" ""GSE"" ""Homo sapiens"""
GSE101526,PolyA RNA-seq from HCT116 (WT and CDK8as/as) cells in normoxia or hypoxia and treated with DMSO or 3MB-PP1,Homo sapiens,GSE,3,,GSE101526_HTSeq_in_counts.txt.gz;GSE101526_RAW.tar;filelist.txt,GSE101526_HTSeq_in_counts.txt.gz,False,False,"""hypoxia"" ""DESeq2"" ""GSE"" ""Homo sapiens"""
GSE104193,Hypoxia-mediated translational activation of ITGB3 in breast cancer cells enhances TGF-β signalling and malignant features in vitro and in vivo ,Homo sapiens,GSE,2,,GSE104193_COUNTS_POLYSOME_01_new_pipeline.txt.gz;GSE104193_COUNTS_POLYSOME_02_new_pipeline.txt.gz,GSE104193_COUNTS_POLYSOME_01_new_pipeline.txt.gz;GSE104193_COUNTS_POLYSOME_02_new_pipeline.txt.gz,False,False,"""hypoxia"" ""edgeR"" ""GSE"" ""Homo sapiens"""
GSE124655,FOXA1 upregulation promotes enhancer and transcriptional reprogramming in endocrine-resistant breast cancer [RNA-seq],Homo sapiens,GSE,2,,GSE124655_Cuffdiff_TamR_siNS_siEPAS1-2.txt.gz;GSE124655_Cuffdiff_TamR_siNS_siEPAS1-3.txt.gz,GSE124655_Cuffdiff_TamR_siNS_siEPAS1-2.txt.gz;GSE124655_Cuffdiff_TamR_siNS_siEPAS1-3.txt.gz,True,False,"""hypoxia"" ""Cuffdiff"" ""GSE"" ""Homo sapiens"""
GSE132624,MITF controls the TCA cycle to modulate the melanoma hypoxia response,Homo sapiens,GSE,9,,GSE132624_edgeR_501mel_DMEM_1_O2_12h_relative_to_0h_QLF-test_filtered_1cpm_3rep.csv.gz;GSE132624_edgeR_501mel_DMEM_1_O2_24h_relative_to_0h_QLF-test_filtered_1cpm_3rep.csv.gz;GSE132624_edgeR_501mel_DMEM_1_O2_48h_relative_to_0h_QLF-test_filtered_1cpm_3rep.csv.gz;GSE132624_edgeR_IGR37_DMEM_1_O2_12h_relative_to_0h_QLF-test_filtered_1cpm_3rep.csv.gz;GSE132624_edgeR_IGR37_DMEM_1_O2_24h_relative_to_0h_QLF-test_filtered_1cpm_3rep.csv.gz;GSE132624_edgeR_IGR37_DMEM_1_O2_48h_relative_to_0h_QLF-test_filtered_1cpm_3rep.csv.gz;GSE132624_edgeR_IGR39_DMEM_1_O2_12h_relative_to_0h_QLF-test_filtered_1cpm_3rep.csv.gz;GSE132624_edgeR_IGR39_DMEM_1_O2_24h_relative_to_0h_QLF-test_filtered_1cpm_3rep.csv.gz;GSE132624_edgeR_IGR39_DMEM_1_O2_48h_relative_to_0h_QLF-test_filtered_1cpm_3rep.csv.gz,GSE132624_edgeR_501mel_DMEM_1_O2_12h_relative_to_0h_QLF-test_filtered_1cpm_3rep.csv.gz;GSE132624_edgeR_501mel_DMEM_1_O2_24h_relative_to_0h_QLF-test_filtered_1cpm_3rep.csv.gz;GSE132624_edgeR_501mel_DMEM_1_O2_48h_relative_to_0h_QLF-test_filtered_1cpm_3rep.csv.gz;GSE132624_edgeR_IGR37_DMEM_1_O2_12h_relative_to_0h_QLF-test_filtered_1cpm_3rep.csv.gz;GSE132624_edgeR_IGR37_DMEM_1_O2_24h_relative_to_0h_QLF-test_filtered_1cpm_3rep.csv.gz;GSE132624_edgeR_IGR37_DMEM_1_O2_48h_relative_to_0h_QLF-test_filtered_1cpm_3rep.csv.gz;GSE132624_edgeR_IGR39_DMEM_1_O2_12h_relative_to_0h_QLF-test_filtered_1cpm_3rep.csv.gz;GSE132624_edgeR_IGR39_DMEM_1_O2_24h_relative_to_0h_QLF-test_filtered_1cpm_3rep.csv.gz;GSE132624_edgeR_IGR39_DMEM_1_O2_48h_relative_to_0h_QLF-test_filtered_1cpm_3rep.csv.gz,True,True,"""hypoxia"" ""edgeR"" ""GSE"" ""Homo sapiens"""
GSE137619,The choroid plexus in progressive multiple sclerosis presents hypoxia and secretory changes that may be related to neuroprotection,Homo sapiens,GSE,2,,GSE137619_RAW.tar;filelist.txt,,False,False,"""hypoxia"" ""DESeq2"" ""GSE"" ""Homo sapiens"""
GSE139989,Nuclear Parkin Regulates Transcriptional Response during Hypoxia,Homo sapiens,GSE,1,,GSE139989_Processed_count_file_for_all_samples.csv.gz,GSE139989_Processed_count_file_for_all_samples.csv.gz,False,False,"""hypoxia"" ""edgeR"" ""GSE"" ""Homo sapiens"""
GSE156218,Analyzing The Effects of ProL1 Upregulation On LNCaP Global Gene Expression,Homo sapiens,GSE,3,,GSE156218_DESeq2_normalized_count_matrix.txt.gz;GSE156218_DESeq2_regularized_log_transformed1.txt.gz;GSE156218_DESeq2_results_LNCaP_proL1_vs_wt.csv.gz,GSE156218_DESeq2_normalized_count_matrix.txt.gz;GSE156218_DESeq2_regularized_log_transformed1.txt.gz;GSE156218_DESeq2_results_LNCaP_proL1_vs_wt.csv.gz,True,False,"""hypoxia"" ""DESeq2"" ""GSE"" ""Homo sapiens"""
GSE156223,Analyzing The Effects of ProL1 Upregulation On PC3 Global Gene Expression,Homo sapiens,GSE,3,,GSE156223_DESeq2_normalized_count_matrix.txt.gz;GSE156223_DESeq2_regularized_log_transformed.txt.gz;GSE156223_DESeq2_results_proL1.0hr_vs_WT.0hr.csv.gz,GSE156223_DESeq2_normalized_count_matrix.txt.gz;GSE156223_DESeq2_regularized_log_transformed.txt.gz;GSE156223_DESeq2_results_proL1.0hr_vs_WT.0hr.csv.gz,True,False,"""hypoxia"" ""DESeq2"" ""GSE"" ""Homo sapiens"""
GSE159437,Modeling Preeclampsia using human induced pluripotent stem cells [RNA-seq],Homo sapiens,GSE,1,,GSE159437_All_Samples_DESeq2_norm_filt.txt.gz,GSE159437_All_Samples_DESeq2_norm_filt.txt.gz,True,False,"""hypoxia"" ""DESeq2"" ""GSE"" ""Homo sapiens"""
GSE159480,Modeling Preeclampsia using human induced pluripotent stem cells,Homo sapiens,GSE,2,,GSE159480_RAW.tar;filelist.txt,,False,False,"""hypoxia"" ""DESeq2"" ""GSE"" ""Homo sapiens"""
GSE163023,Human first trimester villous cytotrophoblast: 8-10 gestational week vs. 12-14 gestational week,Homo sapiens,GSE,2,,GSE163023_RAW.tar;filelist.txt,,False,False,"""hypoxia"" ""DESeq2"" ""GSE"" ""Homo sapiens"""
GSE180371,Gene expression profile of human mesenchymal stromal cells (MSCs) exposed to hypoxic and pseudohypoxic preconditioning,Homo sapiens,GSE,3,,GSE180371_Normalized_gene_counts_matrix.txt.gz;GSE180371_RAW.tar;filelist.txt,GSE180371_Normalized_gene_counts_matrix.txt.gz,False,False,"""hypoxia"" ""DESeq2"" ""GSE"" ""Homo sapiens"""
GSE197151,Hypoxia differentially accelerates cognitive impairment related features in cerebral cortex revealed by single cell sequencing in APP/PS1 mice,Mus musculus,GSE,2,,GSE197151_RAW.tar;filelist.txt,,False,False,"hypoxia normoxia ""Expression profiling by high throughput sequencing"" Mus musculus"
GSE198157,Direct Inhibition of Tumor Hypoxia Response with Synthetic Transcriptional Repressors,Mus musculus; Homo sapiens,GSE,8,,GSE198157_4T1_raw_counts.csv.gz;GSE198157_RNA_seq_raw_counts_matrix.txt.gz;GSE198157_rep1-hypoxia-peaks.txt.gz;GSE198157_rep1-hypoxiaSTR-peaks.txt.gz;GSE198157_rep1-normoxia-peaks.txt.gz;GSE198157_rep2-hypoxia-peaks.txt.gz;GSE198157_rep2-hypoxiaSTR-peaks.txt.gz;GSE198157_rep2-normoxia-peaks.txt.gz,GSE198157_4T1_raw_counts.csv.gz;GSE198157_RNA_seq_raw_counts_matrix.txt.gz,False,False,"""hypoxia"" ""DESeq2"" ""GSE"" ""Homo sapiens"" | hypoxia normoxia ""Expression profiling by high throughput sequencing"" Mus musculus"
GSE200739,mesendoderm differentiation with Hif-1a knockdown,Mus musculus,GSE,2,,GSE200739_RAW.tar;filelist.txt,,False,False,"hypoxia normoxia ""Expression profiling by high throughput sequencing"" Mus musculus"
GSE203069,RORγ hijacks HIF-1α to promote peritoneal metastasis of gastric cancer,Homo sapiens,GSE,3,,GSE203069_AGS_DMSO_GSK805_genes_fpkm_expression.txt.gz;GSE203069_HGC27_Vector_RORC_genes_fpkm_expression.txt.gz;GSE203069_MKN45_normoxia_hypoxia_genes_fpkm_expression.txt.gz,GSE203069_AGS_DMSO_GSK805_genes_fpkm_expression.txt.gz;GSE203069_HGC27_Vector_RORC_genes_fpkm_expression.txt.gz;GSE203069_MKN45_normoxia_hypoxia_genes_fpkm_expression.txt.gz,False,False,"hypoxia normoxia ""Expression profiling by high throughput sequencing"" Mus musculus"
GSE205249,H3K27me3 spreading organizes canonical PRC1 chromatin architecture to regulate developmental programs,Homo sapiens; Mus musculus,GSE,2,,GSE205249_RAW.tar;filelist.txt,,False,False,"hypoxia normoxia ""Expression profiling by high throughput sequencing"" Homo sapiens | hypoxia normoxia ""Expression profiling by high throughput sequencing"" Mus musculus"
GSE211985,Pericytes contribute to pulmonary vascular remodeling via HIF2α signaling,Mus musculus,GSE,2,,GSE211985_RAW.tar;filelist.txt,,False,False,"hypoxia normoxia ""Expression profiling by high throughput sequencing"" Mus musculus"
GSE218522,Gene expression following transverse aortic constriction in mice housed under normoxic or hypoxic conditions,Mus musculus,GSE,1,,GSE218522_RawCountsAnnotated.xlsx,GSE218522_RawCountsAnnotated.xlsx,False,False,"hypoxia normoxia ""Expression profiling by high throughput sequencing"" Mus musculus"
GSE220784,Gene expression profile at single cell level of hiPSC-derived lung airways epithelial cells upon knock-out of EHF in normoxia and in hypoxia,Homo sapiens,GSE,1,,GSE220784_raw_expression_matrix.csv.gz,GSE220784_raw_expression_matrix.csv.gz,False,False,"hypoxia normoxia ""Expression profiling by high throughput sequencing"" Homo sapiens"
GSE226454,Transcriptomic profile of embryoid bodies under hypoxia at single cell level,Mus musculus,GSE,2,,GSE226454_RAW.tar;filelist.txt,,False,False,"hypoxia normoxia ""Expression profiling by high throughput sequencing"" Mus musculus"
GSE231992,Diet-induced obesity dysregulates rapid epigenetic response to hypoxia in macrophages (RNA-Seq),Mus musculus,GSE,1,,GSE231992_Partek_RNA-seq_BMDM_hypo_normo.txt.gz,GSE231992_Partek_RNA-seq_BMDM_hypo_normo.txt.gz,False,False,"hypoxia normoxia ""Expression profiling by high throughput sequencing"" Mus musculus"
GSE232217,Tissue-specific reprogramming leads to angiogenic neutrophil specialization and tumor vascularization in colorectal cancer,Mus musculus; Homo sapiens,GSE,2,,GSE232217_RAW.tar;filelist.txt,,False,False,"""hypoxia"" ""DESeq2"" ""GSE"" ""Homo sapiens"""
GSE232797,mRNA and lncRNA profiling of hypoxic human pulmonary artery endothelial cells treated with siRNA-mediated knockdown of KMT2E-AS1 or KMT2E,Homo sapiens,GSE,1,,GSE232797_data_RNAseq.csv.gz,GSE232797_data_RNAseq.csv.gz,False,False,"""hypoxia"" ""DESeq2"" ""GSE"" ""Homo sapiens"""
GSE236162,Reactive astrocytes with inflammatory signature in CCM disease in hypoxia and normoxia conditions,Mus musculus,GSE,2,,GSE236162_3_countDFeByg.xlsx;GSE236162_4_rpkmDFeByg.xlsx,GSE236162_3_countDFeByg.xlsx,False,False,"hypoxia normoxia ""Expression profiling by high throughput sequencing"" Mus musculus"
GSE236163,Hypoxia increases neuroinflammation and angiogenesis gene programs in CCM disease,Mus musculus,GSE,2,,GSE236163_3_countDFeByg.txt.gz;GSE236163_4_rpkmDFeByg.txt.gz,GSE236163_3_countDFeByg.txt.gz,False,False,"hypoxia normoxia ""Expression profiling by high throughput sequencing"" Mus musculus"
GSE239495,Canagliflozin mediates tumor suppression alone and in combination with radiotherapy in non-small cell lung cancer (NSCLC) through inhibition of HIF-1a,Homo sapiens,GSE,2,,GSE239495_Annotated_rlog_Normalized_DESeq2_Control_vs_CANA.xlsx;GSE239495_Annotated_rlog_Normalized_DESeq2_Control_vs_RT.xls.gz,GSE239495_Annotated_rlog_Normalized_DESeq2_Control_vs_CANA.xlsx;GSE239495_Annotated_rlog_Normalized_DESeq2_Control_vs_RT.xls.gz,True,False,"""hypoxia"" ""DESeq2"" ""GSE"" ""Homo sapiens"""
GSE239717,Bone Marrow Interstitial Light-chain Amyloid and its Microenvironment,Homo sapiens,GSE,4,,GSE239717_deseq2Out.Group1-PatientGroup1_vs_Control_Padj0.05_FCcut0_ERCut0.05.txt.gz;GSE239717_deseq2Out.Group1-PatientGroup2_vs_Control_Padj0.05_FCcut0_ERCut0.05.txt.gz;GSE239717_deseq2Out.Group1-PatientGroup2_vs_PatientGroup1_Padj0.05_FCcut0_ERCut0.05.txt.gz;GSE239717_featureCountsOut.txt.gz,GSE239717_deseq2Out.Group1-PatientGroup1_vs_Control_Padj0.05_FCcut0_ERCut0.05.txt.gz;GSE239717_deseq2Out.Group1-PatientGroup2_vs_Control_Padj0.05_FCcut0_ERCut0.05.txt.gz;GSE239717_deseq2Out.Group1-PatientGroup2_vs_PatientGroup1_Padj0.05_FCcut0_ERCut0.05.txt.gz;GSE239717_featureCountsOut.txt.gz,True,False,"""hypoxia"" ""Cuffdiff"" ""GSE"" ""Homo sapiens"""
GSE240980,"Cellular fitness of MYC-driven cancer cells to genetic and pharmacologic perturbations in normoxia, hypoxia and 3D",Mus musculus,GSE,2,,GSE240980_RAW.tar;filelist.txt,,False,False,"hypoxia normoxia ""Expression profiling by high throughput sequencing"" Mus musculus"
GSE242425,Hypoxic injury triggers maladaptive repair in human kidney organoids [scRNA-seq],Homo sapiens,GSE,15,,GSE242425_D20_CMO_info.csv.gz;GSE242425_D25_CMO_info.csv.gz;GSE242425_barcode_sample.csv.gz;GSE242425_h1_d20_sample_filtered_feature_bc_matrix.h5;GSE242425_h1_d25_sample_filtered_feature_bc_matrix.h5;GSE242425_h2_d20_sample_filtered_feature_bc_matrix.h5;GSE242425_h2_d25_sample_filtered_feature_bc_matrix.h5;GSE242425_h3_d20_sample_filtered_feature_bc_matrix.h5;GSE242425_h3_d25_sample_filtered_feature_bc_matrix.h5;GSE242425_n1_d20_sample_filtered_feature_bc_matrix.h5;GSE242425_n1_d25_sample_filtered_feature_bc_matrix.h5;GSE242425_n2_d20_sample_filtered_feature_bc_matrix.h5;GSE242425_n2_d25_sample_filtered_feature_bc_matrix.h5;GSE242425_n3_d20_sample_filtered_feature_bc_matrix.h5;GSE242425_n3_d25_sample_filtered_feature_bc_matrix.h5,,False,False,"hypoxia normoxia ""Expression profiling by high throughput sequencing"" Homo sapiens"
GSE242426,Hypoxic injury triggers maladaptive repair in human kidney organoids,Homo sapiens,GSE,2,,GSE242426_RAW.tar;filelist.txt,,False,False,"hypoxia normoxia ""Expression profiling by high throughput sequencing"" Homo sapiens"
GSE242982,Oxygen-dependent alternative mRNA splicing and a cone-specific motor protein revealed by single-cell RNA sequencing in hypoxic retinas,Mus musculus,GSE,1,,GSE242982_seurat_object.rds.gz,,False,False,"hypoxia normoxia ""Expression profiling by high throughput sequencing"" Mus musculus"
GSE243416,Epigenetic coordination of transcriptional and translational programs in hypoxia. [RNA-Seq],Homo sapiens,GSE,1,,GSE243416_raw_counts.txt.gz,GSE243416_raw_counts.txt.gz,False,False,"hypoxia normoxia ""Expression profiling by high throughput sequencing"" Homo sapiens"
GSE243418,Epigenetic coordination of transcriptional and translational programs in hypoxia.,Homo sapiens,GSE,2,,GSE243418_RAW.tar;filelist.txt,,False,False,"hypoxia normoxia ""Expression profiling by high throughput sequencing"" Homo sapiens"
GSE243848,RNA sequencig of glioblastoma stem cells after induction of ferroptosis,Homo sapiens,GSE,2,,GSE243848_Original_Counts.deseq2_normalized_GSC.txt.gz;GSE243848_Original_RawCounts_GSC.txt.gz,GSE243848_Original_Counts.deseq2_normalized_GSC.txt.gz;GSE243848_Original_RawCounts_GSC.txt.gz,True,False,"hypoxia normoxia ""Expression profiling by high throughput sequencing"" Homo sapiens"
GSE244864,"Gene expression profile at single cell level of whole lung cells from C57BL/6J mice or global STING knock-out mice (STING-/-), exposed to either room air or chronic hypoxia (4-week 10% oxygen).",Mus musculus,GSE,2,,GSE244864_RAW.tar;filelist.txt,,False,False,"hypoxia normoxia ""Expression profiling by high throughput sequencing"" Mus musculus"
GSE246406,Nuclear Acly protects liver from ischemia-reperfusion injury,Mus musculus,GSE,2,,GSE246406_RAW.tar;filelist.txt,,False,False,"hypoxia normoxia ""Expression profiling by high throughput sequencing"" Mus musculus"
GSE249597,Single-cell CRISPRi transcriptome screening focusing on a subset of lncRNAs regulated by hypoxia,Homo sapiens,GSE,6,,GSE249597_RNA_HTO_Lib1_processed.tar.gz;GSE249597_RNA_HTO_Lib2_processed.tar.gz;GSE249597_gRNA_Lib1_L001_processed.tar.gz;GSE249597_gRNA_Lib1_L002_processed.tar.gz;GSE249597_gRNA_Lib2_L001_processed.tar.gz;GSE249597_gRNA_Lib2_L002_processed.tar.gz,GSE249597_RNA_HTO_Lib1_processed.tar.gz;GSE249597_RNA_HTO_Lib2_processed.tar.gz;GSE249597_gRNA_Lib1_L001_processed.tar.gz;GSE249597_gRNA_Lib1_L002_processed.tar.gz;GSE249597_gRNA_Lib2_L001_processed.tar.gz;GSE249597_gRNA_Lib2_L002_processed.tar.gz,False,False,"hypoxia normoxia ""Expression profiling by high throughput sequencing"" Homo sapiens"
GSE253090,HIF1α-glycolysis engages activation-induced cell death to drive IFN-γ induction in hypoxic T cells,Mus musculus,GSE,5,,GSE253090_Count.txt.gz;GSE253090_RAW.tar;GSE253090_Suppl_Table_1-Hypoxia_WT_vs_HIF1a-KO.xlsx;GSE253090_Suppl_Table_2-Normoxia_WT_vs_HIF1a-KO.xlsx;filelist.txt,GSE253090_Count.txt.gz,False,False,"hypoxia normoxia ""Expression profiling by high throughput sequencing"" Mus musculus"
GSE254438,Hepatic BMAL1 and HIF1a regulate a time-dependent hypoxic response and their absence leads to Hepatopulmonary Syndrome II,Mus musculus,GSE,1,,GSE254438_AlbCRE_HLKO_BLKO_Hypoxia_RNASeq_reads.xlsx,GSE254438_AlbCRE_HLKO_BLKO_Hypoxia_RNASeq_reads.xlsx,False,False,"hypoxia normoxia ""Expression profiling by high throughput sequencing"" Mus musculus"
GSE255522,mRNAseq profiles of gastrocnemius of 24-day-old Nnt-wt male mouse exposed to hypoxia,Mus musculus,GSE,2,,GSE255522_RAW.tar;filelist.txt,,False,False,"hypoxia normoxia ""Expression profiling by high throughput sequencing"" Mus musculus"
GSE255681,Impact of Nfat5 on normoxia- and hypoxia-exposed mouse lung endothelial cells,Mus musculus,GSE,2,,GSE255681_RAW.tar;filelist.txt,,False,False,"hypoxia normoxia ""Expression profiling by high throughput sequencing"" Mus musculus"
GSE255769,Polyamine-dependent metabolic shielding regulates alternative splicing,Homo sapiens; Mus musculus,GSE,10,,GSE255769_INCLUSION_LEVELS_FULL-hg38-12_DU145_sh4AMD1_CK2i.tab.gz;GSE255769_INCLUSION_LEVELS_FULL-hg38-16_DU145_Hypoxia_Plad.tab.gz;GSE255769_INCLUSION_LEVELS_FULL-hg38-16_DU145_shAMD_siSF3A3.tab.gz;GSE255769_INCLUSION_LEVELS_FULL-hg38-20_DU145_Polyamines.tab.gz;GSE255769_INCLUSION_LEVELS_FULL-hg38-8_DU145_shAMD.tab.gz;GSE255769_INCLUSION_LEVELS_FULL-hg38-8_HeLa_siAMD.tab.gz;GSE255769_INCLUSION_LEVELS_FULL-mm10-10_Gastro_SAM486A.tab.gz;GSE255769_INCLUSION_LEVELS_FULL-mm10-12_MEF_kiSF3A3.tab.gz;GSE255769_INCLUSION_LEVELS_FULL_mm10-12_MESC_SAM486A_DFMO.tab.gz;GSE255769_INCLUSION_LEVELS_FULL_mm10-24_ESC_SAM486A_DFMO.tab.gz,,False,False,"hypoxia normoxia ""Expression profiling by high throughput sequencing"" Homo sapiens | hypoxia normoxia ""Expression profiling by high throughput sequencing"" Mus musculus"
GSE261224,Brain endothelial cells with inflammatory signature in CCM disease in hypoxia and normoxia conditions,Mus musculus,GSE,2,,GSE261224_BEC_RPKM_countDFeByg.csv.gz;GSE261224_BEC_countDFeByg.csv.gz,GSE261224_BEC_RPKM_countDFeByg.csv.gz;GSE261224_BEC_countDFeByg.csv.gz,False,False,"hypoxia normoxia ""Expression profiling by high throughput sequencing"" Mus musculus"
GSE261425,Vascular damage and axcessive proliferation compromise liver function after extended hepatectomy in mice,Mus musculus,GSE,1,,GSE261425_normalized_counts_byDESeq.txt.gz,GSE261425_normalized_counts_byDESeq.txt.gz,True,False,"hypoxia normoxia ""Expression profiling by high throughput sequencing"" Mus musculus"
GSE263916,Hypoxic stabilization of RIPOR3 mRNA via METTL3-mediated m6A RNA methylation drives breast tumor growth and metastasis [RNA-seq],Homo sapiens,GSE,1,,GSE263916_RNA-seq_raw_counts.csv.gz,GSE263916_RNA-seq_raw_counts.csv.gz,False,False,"hypoxia normoxia ""Expression profiling by high throughput sequencing"" Homo sapiens"
GSE266442,Long-term adaptation of lymphoma cells to hypoxia is mediated by diverse molecular mechanisms that are targetable with specific inhibitors,Homo sapiens,GSE,2,,GSE266442_RAW.tar;filelist.txt,,False,False,"hypoxia normoxia ""Expression profiling by high throughput sequencing"" Homo sapiens"
GSE268827,scramble control and Hif-1a knockdown mESCs cultured under normoxia and two-day hypoxia,Mus musculus,GSE,2,,GSE268827_RAW.tar;filelist.txt,,False,False,"hypoxia normoxia ""Expression profiling by high throughput sequencing"" Mus musculus"
GSE268842,Transcriptional differences in suspended breast cancer cells exposed to hypoxia.,Homo sapiens,GSE,2,,GSE268842_RAW.tar;filelist.txt,,False,False,"hypoxia normoxia ""Expression profiling by high throughput sequencing"" Homo sapiens"
GSE269141,Hypoxia-inducible Factor 1α Mediated Lactylation to Enhance Inflammatory Response during Hypoxia induced lung dysfunction [RNA-seq],Mus musculus,GSE,1,,GSE269141_genes.rawcount.anno.xlsx,GSE269141_genes.rawcount.anno.xlsx,False,False,"hypoxia normoxia ""Expression profiling by high throughput sequencing"" Mus musculus"
GSE269336,BMAL1-HIF2α heterodimers contribute to ccRCC [RNA-seq_Fig2],Homo sapiens,GSE,1,,GSE269336_786O_Fig2_rawcounts.txt.gz,GSE269336_786O_Fig2_rawcounts.txt.gz,False,False,"""hypoxia"" ""DESeq2"" ""GSE"" ""Homo sapiens"""
GSE269340,BMAL1-HIF2α heterodimers contribute to ccRCC [RNA-seq_FigS6],Homo sapiens,GSE,1,,GSE269340_A498_FigS6_rawcounts.txt.gz,GSE269340_A498_FigS6_rawcounts.txt.gz,False,False,"""hypoxia"" ""DESeq2"" ""GSE"" ""Homo sapiens"""
GSE269418,Effect of the sGC activator BAY 60-2770 on human proximal tubular (HK-2) cells under hypoxia and after TGF-β1 treatment,Homo sapiens,GSE,1,,GSE269418_raw_counts.txt.gz,GSE269418_raw_counts.txt.gz,False,False,"""hypoxia"" ""DESeq2"" ""GSE"" ""Homo sapiens"""
GSE269699,Hypoxia drives HIF2-dependent reversible macrophagecellcycle entry,Homo sapiens,GSE,2,,GSE269699_RAW.tar;filelist.txt,,False,False,"hypoxia normoxia ""Expression profiling by high throughput sequencing"" Mus musculus"
GSE269892,Redistribution of SOD3 expression due to R213G polymorphism affects pulmonary interstitial macrophage reprogramming in response to hypoxia,Mus musculus,GSE,1,,GSE269892_normalized_counts.xlsx,GSE269892_normalized_counts.xlsx,False,False,"hypoxia normoxia ""Expression profiling by high throughput sequencing"" Mus musculus"
GSE270358,Hypoxia-Driven Ribosome Biogenesis: Unveiling a Novel Regulatory Role of HIF1α in Breast Cancer Progression and Metastasis [SUM1315_Hypoxia_RNA-seq],Homo sapiens,GSE,1,,GSE270358_TLS789131415summarized.txt.gz,,False,False,"hypoxia normoxia ""Expression profiling by high throughput sequencing"" Homo sapiens"
GSE270359,Hypoxia-Driven Ribosome Biogenesis: Unveiling a Novel Regulatory Role of HIF1α in Breast Cancer Progression and Metastasis [Polysome_RNA-seq],Homo sapiens,GSE,1,,GSE270359_13SKT47summarized.txt.gz,,False,False,"hypoxia normoxia ""Expression profiling by high throughput sequencing"" Homo sapiens"
GSE270903,Hypoxic Memory Mediates Prolonged Tumor Intrinsic Type I Interferon Suppression to Promote Breast Cancer Progression,Homo sapiens; Mus musculus,GSE,2,,GSE270903_RAW.tar;filelist.txt,,False,False,"hypoxia normoxia ""Expression profiling by high throughput sequencing"" Mus musculus"
GSE271151,SerpinA3N limits cartilage destruction in osteoarthritis by inhibiting macrophage-derives leukocyte elastase,Mus musculus,GSE,1,,GSE271151_All_genes_counts.xlsx,GSE271151_All_genes_counts.xlsx,False,False,"hypoxia normoxia ""Expression profiling by high throughput sequencing"" Mus musculus"
GSE271157,Efficient mouse embryo models from stem cells for environmental studies,Mus musculus,GSE,2,,GSE271157_RAW.tar;filelist.txt,,False,False,"hypoxia normoxia ""Expression profiling by high throughput sequencing"" Mus musculus"
GSE271367,Enhancing tumor response to adoptive T cell therapy by targeting PHD2/3 in CD8 T cells,Mus musculus,GSE,1,,GSE271367_raw_counts.tsv.gz,GSE271367_raw_counts.tsv.gz,False,False,"hypoxia normoxia ""Expression profiling by high throughput sequencing"" Mus musculus"
GSE271612,Effect of hypoxia on gene expression in Hep3B cells,Homo sapiens,GSE,1,,GSE271612_N20_vs_N01.annotation.xlsx,,False,False,"hypoxia normoxia ""Expression profiling by high throughput sequencing"" Homo sapiens"
GSE272491,The effect of chronic intermittent hypoxia (CIH) on amyloid pathology in 5XFAD mice,Mus musculus,GSE,4,,GSE272491_F_fpkm.txt.gz;GSE272491_F_genecount.txt.gz;GSE272491_M_fpkm.txt.gz;GSE272491_M_genecount.txt.gz,GSE272491_F_fpkm.txt.gz;GSE272491_F_genecount.txt.gz;GSE272491_M_fpkm.txt.gz;GSE272491_M_genecount.txt.gz,False,False,"hypoxia normoxia ""Expression profiling by high throughput sequencing"" Mus musculus"
GSE272838,"Inhibitor of DNA binding-1, a master regulator of vasculogenic mimicry by cancer cells.",Homo sapiens,GSE,3,,GSE272838_RAW.tar;GSE272838_combined_counts.tsv.gz;filelist.txt,GSE272838_combined_counts.tsv.gz,False,False,"hypoxia normoxia ""Expression profiling by high throughput sequencing"" Homo sapiens | hypoxia normoxia ""Expression profiling by high throughput sequencing"" Mus musculus"
GSE272860,Hypoxia promotes airway differentiation in the human lung epithelium [Bulk RNA-seq],Homo sapiens,GSE,1,,GSE272860_salmon.merged.gene_counts.csv.gz,GSE272860_salmon.merged.gene_counts.csv.gz,False,False,"hypoxia normoxia ""Expression profiling by high throughput sequencing"" Homo sapiens"
GSE273089,Hypoxia promotes airway differentiation in the human lung epithelium,Homo sapiens,GSE,2,,GSE273089_Parse_sample_loading_information.txt.gz;GSE273089_seurat_obj_clustered_1.RDS.gz,,False,False,"hypoxia normoxia ""Expression profiling by high throughput sequencing"" Homo sapiens"
GSE273769,"The PLK1 Inhibitor Onvansertib in Combination with FOLFIRI and Bevacizumab in Second-line Treatment of KRAS-mutant Metastatic Colorectal Cancer: A Single-Arm, Phase II Trial.",Homo sapiens,GSE,1,,GSE273769_HCT116_SW620_RNASeq_samples_normalized_counts_4hr.csv.gz,GSE273769_HCT116_SW620_RNASeq_samples_normalized_counts_4hr.csv.gz,False,False,"hypoxia normoxia ""Expression profiling by high throughput sequencing"" Homo sapiens"
GSE273808,Hypoxia impedes differentiation of cranial neural crest cells into derivatives relevant for palatogenesis,Mus musculus,GSE,11,,GSE273808_norm_counts_Hypo_ChondrvsHypo_Prolif.csv.gz;GSE273808_norm_counts_Hypo_ChondrvsNorm_Chondr.csv.gz;GSE273808_norm_counts_Hypo_OsteovsHypo_Prolif.csv.gz;GSE273808_norm_counts_Hypo_OsteovsNorm_Osteo.csv.gz;GSE273808_norm_counts_Hypo_ProlifvsNorm_Prolif.csv.gz;GSE273808_norm_counts_Hypo_SMvsHypo_Prolif.csv.gz;GSE273808_norm_counts_Hypo_SMvsNorm_SM.csv.gz;GSE273808_norm_counts_Norm_ChondrvsNorm_Prolif.csv.gz;GSE273808_norm_counts_Norm_OsteovsNorm_Prolif.csv.gz;GSE273808_norm_counts_Norm_SMvsNorm_Prolif.csv.gz;GSE273808_rawcts_prefilt2.csv.gz,GSE273808_norm_counts_Hypo_ChondrvsHypo_Prolif.csv.gz;GSE273808_norm_counts_Hypo_ChondrvsNorm_Chondr.csv.gz;GSE273808_norm_counts_Hypo_OsteovsHypo_Prolif.csv.gz;GSE273808_norm_counts_Hypo_OsteovsNorm_Osteo.csv.gz;GSE273808_norm_counts_Hypo_ProlifvsNorm_Prolif.csv.gz;GSE273808_norm_counts_Hypo_SMvsHypo_Prolif.csv.gz;GSE273808_norm_counts_Hypo_SMvsNorm_SM.csv.gz;GSE273808_norm_counts_Norm_ChondrvsNorm_Prolif.csv.gz;GSE273808_norm_counts_Norm_OsteovsNorm_Prolif.csv.gz;GSE273808_norm_counts_Norm_SMvsNorm_Prolif.csv.gz,False,False,"hypoxia normoxia ""Expression profiling by high throughput sequencing"" Mus musculus"
GSE274183,A novel noninvasive murine model of neonatal hypoxic ischemic encephalopathy demonstrates developmental delay and motor deficits with activation of inflammatory pathways in monocytes [scRNA-seq],Mus musculus,GSE,2,,GSE274183_RAW.tar;filelist.txt,,False,False,"hypoxia normoxia ""Expression profiling by high throughput sequencing"" Mus musculus"
GSE274879,Loss of LDOC1 by chromatin compaction in mesenchymal tumor cells is required for PFA1 ependymoma growth [RNA-seq],Homo sapiens,GSE,1,,GSE274879_PLX091111_assay_data.csv.gz,,False,False,"hypoxia normoxia ""Expression profiling by high throughput sequencing"" Homo sapiens"
GSE275007,Loss of LDOC1 by chromatin compaction in mesenchymal tumor cells is required for PFA1 ependymoma growth,Homo sapiens,GSE,2,,GSE275007_RAW.tar;filelist.txt,,False,False,"hypoxia normoxia ""Expression profiling by high throughput sequencing"" Homo sapiens"
GSE275484,A functional subpopulation of human glioma associated macrophages linked to malignant glioma progression -RNA-seq,Homo sapiens,GSE,3,,GSE275484_RAW.tar;GSE275484_raw_counts_allsamples.csv.gz;filelist.txt,GSE275484_raw_counts_allsamples.csv.gz,False,False,"hypoxia normoxia ""Expression profiling by high throughput sequencing"" Homo sapiens"
GSE275713,A novel noninvasive murine model of neonatal hypoxic ischemic encephalopathy demonstrates developmental delay and motor deficits with activation of inflammatory pathways in monocytes,Mus musculus,GSE,2,,GSE275713_RAW.tar;filelist.txt,,False,False,"hypoxia normoxia ""Expression profiling by high throughput sequencing"" Mus musculus"
GSE275812,Circadian Dysfunction in Skeletal Muscle Impairs Limb Perfusion and Muscle Regeneration in Peripheral Artery Disease [Myotube-RNAseq],Mus musculus,GSE,1,,GSE275812_MT_rsem_normalizedcounts.txt.gz,GSE275812_MT_rsem_normalizedcounts.txt.gz,False,False,"hypoxia normoxia ""Expression profiling by high throughput sequencing"" Mus musculus"
GSE278149,Multi-omic profiling unveils molecular landscapes and heterogeneous tumor microenvironment in sinonasal squamous cell carcinoma,Homo sapiens,GSE,2,,GSE278149_RAW.tar;filelist.txt,,False,False,"hypoxia normoxia ""Expression profiling by high throughput sequencing"" Homo sapiens"
GSE278541,Enhanced relevance of hypoxia-induced in vitro models in mimicking liver fibrosis pathways,Homo sapiens,GSE,3,,GSE278541_RAW.tar;GSE278541_merged.counts.tsv.gz;filelist.txt,GSE278541_merged.counts.tsv.gz,False,False,"""hypoxia"" ""DESeq2"" ""GSE"" ""Homo sapiens"""
GSE279430,Enhancing Proteasome Activity in T Cells Alleviates Exhaustion and Improves Antitumor Immunity,Homo sapiens,GSE,1,,GSE279430_AP-11-A_counts.txt.gz,GSE279430_AP-11-A_counts.txt.gz,False,False,"hypoxia normoxia ""Expression profiling by high throughput sequencing"" Homo sapiens"
GSE279536,Hypoxic stress dysregulates functions of glioma-associated myeloid cells through epigenomic and transcriptional programs [RNA-seq],Mus musculus,GSE,5,,GSE279536_BMDM_ctrl_cc_raw_counts.csv.gz;GSE279536_BV2_BMDM_Pano_raw_counts.csv.gz;GSE279536_RAW.tar;GSE279536_raw_counts_GL261_BV2.txt.gz;filelist.txt,GSE279536_BMDM_ctrl_cc_raw_counts.csv.gz;GSE279536_BV2_BMDM_Pano_raw_counts.csv.gz;GSE279536_raw_counts_GL261_BV2.txt.gz,False,False,"hypoxia normoxia ""Expression profiling by high throughput sequencing"" Homo sapiens | hypoxia normoxia ""Expression profiling by high throughput sequencing"" Mus musculus"
GSE279572,Candida albicans drives colorectal cancer progression by inducing hypoxia signaling,Homo sapiens,GSE,1,,GSE279572_HCT116.raw.count.matrix.gz,GSE279572_HCT116.raw.count.matrix.gz,False,False,"hypoxia normoxia ""Expression profiling by high throughput sequencing"" Homo sapiens"
GSE280308,Normoxia and Hypoxia transcriptomics,Homo sapiens,GSE,2,,GSE280308_FPKM_allsamples.txt.gz;GSE280308_counts_anno.txt.gz,GSE280308_FPKM_allsamples.txt.gz;GSE280308_counts_anno.txt.gz,False,False,"hypoxia normoxia ""Expression profiling by high throughput sequencing"" Homo sapiens"
GSE280337,Endothelial FUNDC1 Deficiency Drives Pulmonary Hypertension [scRNA-seq],Mus musculus,GSE,2,,GSE280337_RAW.tar;filelist.txt,,False,False,"hypoxia normoxia ""Expression profiling by high throughput sequencing"" Mus musculus"
GSE281346,IL-17A stimulates erythropoiesis by tuning the Erythropoietin-feedback circuit,Mus musculus,GSE,9,,GSE281346_Library_barcodes.csv.gz;GSE281346_Sample_hashing_barcodes.csv.gz;GSE281346_aggregation.csv.gz;GSE281346_gex_barcodes.tsv.gz;GSE281346_gex_features.tsv.gz;GSE281346_gex_matrix.mtx.gz;GSE281346_ht_barcodes.tsv.gz;GSE281346_ht_features.tsv.gz;GSE281346_ht_matrix.mtx.gz,,False,False,"hypoxia normoxia ""Expression profiling by high throughput sequencing"" Mus musculus"
GSE281533,Transcriptome Analysis of Fibroblasts in Hypoxia-Induced Vascular Remodeling: Functional Roles of CD26/DPP4,Homo sapiens,GSE,2,,GSE281533_all.count_DK23273.xlsx;GSE281533_all.rpm_DK23273.xlsx,GSE281533_all.count_DK23273.xlsx,False,False,"hypoxia normoxia ""Expression profiling by high throughput sequencing"" Mus musculus"
GSE281540,Adenosine to Inosine RNA editing level in mouse lungs from Adar1 K999N mutants or hypoxia-exposed mice,Mus musculus,GSE,2,,GSE281540_RAW.tar;filelist.txt,,False,False,"hypoxia normoxia ""Expression profiling by high throughput sequencing"" Mus musculus"
GSE281541,Adenosine to Inosine RNA editing level in ADAR1-deficient or hypoxia-exposed human pulmonary artery endothelial cells,Homo sapiens,GSE,2,,GSE281541_RAW.tar;filelist.txt,,False,False,"hypoxia normoxia ""Expression profiling by high throughput sequencing"" Homo sapiens"
GSE282023,RNA-Seq analysis of mouse immortalized fibroblasts derived from WT or mir210lox/lox mice and cultured in low or high oxygen conditions,Mus musculus,GSE,1,,GSE282023_NormalizedTableCount_RNA.txt.gz,GSE282023_NormalizedTableCount_RNA.txt.gz,False,False,"hypoxia normoxia ""Expression profiling by high throughput sequencing"" Mus musculus"
GSE282352,Unraveling Hypoxia-Driven Gene and Methylation Signatures in Meningioma: Identifying Novel Biomarkers and Therapeutic Targets,Homo sapiens,GSE,2,,GSE282352_RAW.tar;filelist.txt,,False,False,"hypoxia normoxia ""Expression profiling by high throughput sequencing"" Homo sapiens"
GSE282549,miR-210 Locus Deletion Disrupts Cellular Homeostasis; An Integrated Genetic Study,Homo sapiens,GSE,2,,GSE282549_hypoxia_raw_counts.txt.gz;GSE282549_normoxia_raw_counts.txt.gz,GSE282549_hypoxia_raw_counts.txt.gz;GSE282549_normoxia_raw_counts.txt.gz,False,False,"hypoxia normoxia ""Expression profiling by high throughput sequencing"" Homo sapiens | hypoxia normoxia ""Expression profiling by high throughput sequencing"" Mus musculus"
GSE283363,MYLIP attenuates hypoxia tolerance by inducing K27-linked polyubiquitination and subsequent proteasomal degradation of HIF-α,Megalobrama amblycephala,GSE,3,,GSE283363_readcount.xls.gz;GSE283363_rowmeans_fpkm_filtered.xls.gz;GSE283363_unigene.fasta.gz,GSE283363_readcount.xls.gz;GSE283363_rowmeans_fpkm_filtered.xls.gz,False,False,"hypoxia normoxia ""Expression profiling by high throughput sequencing"" Mus musculus"
GSE283567,"Vascular EC-SOD limits the accumulation, proinflammatory profibrotic reprogramming, and hyaluronan binding of  interstitial macrophages in hypoxia",Mus musculus,GSE,1,,GSE283567_normalized_counts_ECSODSMCKO.xlsx,GSE283567_normalized_counts_ECSODSMCKO.xlsx,False,False,"hypoxia normoxia ""Expression profiling by high throughput sequencing"" Mus musculus"
GSE285077,Chromatin-associated lncRNA-splicing factor condensates regulate hypoxia responsive RNA processing of genes pre-positioned near nuclear speckles [RNA-seq],Homo sapiens,GSE,7,,GSE285077_293T_MALAT1_RNAseq_gene_count.txt.gz;GSE285077_293T_SRSF1_RNAseq_gene_count.txt.gz;GSE285077_MCF7_MALAT1KO_RNAseq_gene_count.txt.gz;GSE285077_MCF7_MALAT1_RNAseq_gene_count.txt.gz;GSE285077_MCF7_SRSF1_RNAseq_gene_count.txt.gz;GSE285077_RAW.tar;filelist.txt,GSE285077_293T_MALAT1_RNAseq_gene_count.txt.gz;GSE285077_293T_SRSF1_RNAseq_gene_count.txt.gz;GSE285077_MCF7_MALAT1KO_RNAseq_gene_count.txt.gz;GSE285077_MCF7_MALAT1_RNAseq_gene_count.txt.gz;GSE285077_MCF7_SRSF1_RNAseq_gene_count.txt.gz,False,False,"hypoxia normoxia ""Expression profiling by high throughput sequencing"" Homo sapiens"
GSE285088,Chromatin-associated lncRNA-splicing factor condensates regulate hypoxia responsive RNA processing of genes pre-positioned near nuclear speckles [eCLIP-seq],Homo sapiens,GSE,8,,GSE285088_293T_H1_annotated_peaks.csv.gz;GSE285088_293T_H2_annotated_peaks.csv.gz;GSE285088_293T_N1_annotated_peaks.csv.gz;GSE285088_293T_N2_annotated_peaks.csv.gz;GSE285088_MCF7_H1_annotated_peaks.csv.gz;GSE285088_MCF7_H2_annotated_peaks.csv.gz;GSE285088_MCF7_N1_annotated_peaks.csv.gz;GSE285088_MCF7_N2_annotated_peaks.csv.gz,,False,False,"hypoxia normoxia ""Expression profiling by high throughput sequencing"" Homo sapiens"
GSE285641,Salmonella Typhi gut invasion drives hypoxic immune subsets associated with disease outcomes,Homo sapiens,GSE,1,,GSE285641_data_matrix_hypoxia.txt.gz,,False,False,"hypoxia normoxia ""Expression profiling by high throughput sequencing"" Homo sapiens | hypoxia normoxia ""Expression profiling by high throughput sequencing"" Mus musculus"
GSE285647,Salmonella Typhi gut invasion drives hypoxic immune subsets associated with disease outcomes,Mus musculus; Homo sapiens,GSE,2,,GSE285647_RAW.tar;filelist.txt,,False,False,"hypoxia normoxia ""Expression profiling by high throughput sequencing"" Homo sapiens | hypoxia normoxia ""Expression profiling by high throughput sequencing"" Mus musculus"
GSE285795,Hypoxia LUAD H1975 cell-derived exosomal miR-671-3p promotes angiogenesis via regulating KLF2-VEGFR2 axis,Homo sapiens,GSE,4,,GSE285795_mRNA-FPKM.txt.gz;GSE285795_mRNA-counts.txt.gz;GSE285795_miRNA-TPM.txt.gz;GSE285795_miRNA-counts.txt.gz,GSE285795_mRNA-FPKM.txt.gz;GSE285795_mRNA-counts.txt.gz;GSE285795_miRNA-TPM.txt.gz;GSE285795_miRNA-counts.txt.gz,False,False,"hypoxia normoxia ""Expression profiling by high throughput sequencing"" Homo sapiens"
GSE285894,Nascent RNA m6A modification are involved in T cell activation gene signature under Hypoxia in CRPC-V16A,Homo sapiens,GSE,8,,GSE285894_Hypoxia_IP_merged_sorted_pileup_normed.bw;GSE285894_Hypoxia_Input_merged_sorted_pileup_normed.bw;GSE285894_Hypoxia_m6A_peaks_sorted_named.bed.gz;GSE285894_Normoxia_IP_merged_sorted_pileup_normed.bw;GSE285894_Normoxia_Input_merged_sorted_pileup_normed.bw;GSE285894_Normoxia_m6A_peaks_sorted_named.bed.gz;GSE285894_RAW.tar;filelist.txt,,False,False,"hypoxia normoxia ""Expression profiling by high throughput sequencing"" Homo sapiens"
GSE286526,Effect of chronic hypoxia and role of stearoyl-CoA desaturase 1 (SCD1) on the inflammatory response of human primary macrophages,Homo sapiens,GSE,1,,GSE286526_Normalized_counts_of_all_samples.xlsx,GSE286526_Normalized_counts_of_all_samples.xlsx,False,False,"hypoxia normoxia ""Expression profiling by high throughput sequencing"" Homo sapiens"
GSE288269,Hypoxia-inducible factor 2α promotes protective Th2 cell responses during intestinal helminth infection [RNA-seq],Mus musculus,GSE,2,,GSE288269_RAW.tar;filelist.txt,,False,False,"hypoxia normoxia ""Expression profiling by high throughput sequencing"" Mus musculus"
GSE288270,Hypoxia-inducible factor 2α promotes protective Th2 cell responses during intestinal helminth infection.,Mus musculus,GSE,2,,GSE288270_RAW.tar;filelist.txt,,False,False,"hypoxia normoxia ""Expression profiling by high throughput sequencing"" Mus musculus"
GSE288708,Human iPSC-cardiomyocyte models of insulin resistance demonstrate metabolic and contractile dysfunction that recapitulates diabetic cardiomyopathy,Homo sapiens,GSE,1,,GSE288708_all_sample_deseq.csv.gz,GSE288708_all_sample_deseq.csv.gz,True,False,"hypoxia normoxia ""Expression profiling by high throughput sequencing"" Homo sapiens"
GSE288999,Super-Enhancer-driven LncRNA UNC5B-AS1 Inhibits Inflammatory Phenotypic Transition in Pulmonary Artery Smooth Muscle Cells via Lactylation,Homo sapiens,GSE,2,,GSE288999_RAW.tar;filelist.txt,,False,False,"hypoxia normoxia ""Expression profiling by high throughput sequencing"" Homo sapiens"
GSE289258,The role and mechanism of hypoxia in regulating parthanatos in hepatocellular carcinoma,Homo sapiens,GSE,2,,GSE289258_3BhypoxiaProcesseddata.xls.gz;GSE289258_H7hypoxiaProcesseddata.xls.gz,,False,False,"hypoxia normoxia ""Expression profiling by high throughput sequencing"" Homo sapiens"
GSE290218,A smooth muscle cell lncRNA controls angiogenesis in chronic limb-threatening ischemia through a miR-143-3p/HHIP signaling axis,Mus musculus,GSE,3,,GSE290218_raw_counts_HvsN_.txt.gz;GSE290218_raw_counts_in_vitro.txt.gz;GSE290218_raw_counts_vivo.txt.gz,GSE290218_raw_counts_HvsN_.txt.gz;GSE290218_raw_counts_in_vitro.txt.gz;GSE290218_raw_counts_vivo.txt.gz,False,False,"hypoxia normoxia ""Expression profiling by high throughput sequencing"" Mus musculus"
GSE291410,"Redox Regulation of Lung Endothelial PERK, Unfolded Protein Response (UPR) and Proliferation via NOX1: Targeted Inhibition as a Potential Therapy for PAH",Homo sapiens,GSE,1,,GSE291410_Gene_Counts_RNASeq.xlsx,GSE291410_Gene_Counts_RNASeq.xlsx,False,False,"hypoxia normoxia ""Expression profiling by high throughput sequencing"" Mus musculus"
GSE291655,Melatonin analog-agomelatine alleviates hypoxia-induced pulmonary arterial hypertension by activating mitophagy via the SIRT1/FoxO1/ULK1 signaling pathway,Homo sapiens,GSE,1,,GSE291655_AII_expression.xlsx,GSE291655_AII_expression.xlsx,False,False,"hypoxia normoxia ""Expression profiling by high throughput sequencing"" Homo sapiens"
GSE292263,Effect of hypoxia on murine splenic NK cells,Mus musculus,GSE,2,,GSE292263_RAW.tar;filelist.txt,,False,False,"hypoxia normoxia ""Expression profiling by high throughput sequencing"" Homo sapiens | hypoxia normoxia ""Expression profiling by high throughput sequencing"" Mus musculus"
GSE292666,MYB and HIF1α crosstalk drives hypoxia-induced transcriptional reprogramming and adaptive signaling alterations in pancreatic cancer [RNA-seq],Homo sapiens,GSE,2,,GSE292666_RAW.tar;filelist.txt,,False,False,"hypoxia normoxia ""Expression profiling by high throughput sequencing"" Homo sapiens"
GSE292771,Inherent single-cell heterogeneity of the transcriptional response to hypoxia in cancer cells.,Homo sapiens,GSE,2,,GSE292771_RAW.tar;filelist.txt,,False,False,"hypoxia normoxia ""Expression profiling by high throughput sequencing"" Homo sapiens"
GSE292924,"Effects of Normoxia, Hypoxia, Oscillatory Hypoxia, and Lactate on Wild-Type, NOTCH1-Knockdown, and TP53-Knockdown MDA-MB-231 Cells",Homo sapiens,GSE,1,,GSE292924_tpm_mat.xlsx,,False,False,"hypoxia normoxia ""Expression profiling by high throughput sequencing"" Homo sapiens"
GSE293238,Impact of Hypoxia on Epstein-Barr Virus–Mediated B Cell Transformation,Homo sapiens,GSE,3,,GSE293238_RAW.tar;GSE293238_RNAseq_processed.xlsx;filelist.txt,GSE293238_RNAseq_processed.xlsx,False,False,"hypoxia normoxia ""Expression profiling by high throughput sequencing"" Homo sapiens"
GSE294174,Identification of SRSF9 through pooled shRNA screening links BNIP3 splicing to autophagy and metabolic reprogramming in breast cancer,Homo sapiens,GSE,2,,GSE294174_RAW.tar;filelist.txt,,False,False,"hypoxia normoxia ""Expression profiling by high throughput sequencing"" Homo sapiens"
GSE295461,RNA Sequencing Gene Expression Profiles in Wild-Type and MLK2 and MLK3 double knockout (MLK2-/-MLK3-/-) Mouse Lung Endothelial Cells Under Normoxic and Hypoxic Conditions,Mus musculus,GSE,1,,GSE295461_Transcript_FPKM.txt.gz,GSE295461_Transcript_FPKM.txt.gz,False,False,"hypoxia normoxia ""Expression profiling by high throughput sequencing"" Mus musculus"
GSE296191,Hypoxic regulation of chromatin and gene transcription [RNA-seq],Homo sapiens,GSE,2,,GSE296191_RAW.tar;filelist.txt,,False,False,"hypoxia normoxia ""Expression profiling by high throughput sequencing"" Homo sapiens"
GSE296192,Hypoxic regulation of chromatin and gene transcription,Homo sapiens,GSE,2,,GSE296192_RAW.tar;filelist.txt,,False,False,"hypoxia normoxia ""Expression profiling by high throughput sequencing"" Homo sapiens"
GSE296547,Hypoxia promotes airway differentiation in the human lung epithelium  [scRNAseq_hypoxia_AT2],Homo sapiens,GSE,2,,GSE296547_Parse_sample_loading_information.txt.gz;GSE296547_fdAT2_hypoxia_annotated.rds,,False,False,"hypoxia normoxia ""Expression profiling by high throughput sequencing"" Homo sapiens"
GSE296779,Effects of hypoxia on brain gene expression in a mouse model of Parkinson’s disease,Mus musculus,GSE,4,,GSE296779_pd_rna-seq.all_samples.raw_counts.csv.gz;GSE296779_pd_rna-seq.all_samples.tpm_counts.csv.gz;GSE296779_pd_rna-seq.filtered_samples.raw_counts.nonzero_protein_coding.batch_corrected.csv.gz;GSE296779_pd_rna-seq.filtered_samples.tpm_counts.nonzero_protein_coding.batch_corrected.csv.gz,GSE296779_pd_rna-seq.all_samples.raw_counts.csv.gz;GSE296779_pd_rna-seq.all_samples.tpm_counts.csv.gz;GSE296779_pd_rna-seq.filtered_samples.raw_counts.nonzero_protein_coding.batch_corrected.csv.gz;GSE296779_pd_rna-seq.filtered_samples.tpm_counts.nonzero_protein_coding.batch_corrected.csv.gz,False,False,"hypoxia normoxia ""Expression profiling by high throughput sequencing"" Mus musculus"
GSE298029,Chronic Intermittent Hypoxia Drives M1 Macrophage Polarization in Dorsal Root Ganglia,Mus musculus,GSE,2,,GSE298029_TPM_values_3.0.csv.gz;GSE298029_raw_counts_3.0.csv.gz,GSE298029_raw_counts_3.0.csv.gz,False,False,"hypoxia normoxia ""Expression profiling by high throughput sequencing"" Mus musculus"
GSE298138,RNA-seq analysis of MLO-Y4 cells under hypoxic conditions,Mus musculus,GSE,1,,GSE298138_RNAseq_data.xlsx,GSE298138_RNAseq_data.xlsx,False,False,"hypoxia normoxia ""Expression profiling by high throughput sequencing"" Mus musculus"
GSE298520,An engineered hypoxia-response promoter for human umbilical cord-derived mesenchymal stem cell-based therapeutics,Homo sapiens,GSE,1,,GSE298520_count.txt.gz,GSE298520_count.txt.gz,False,False,"hypoxia normoxia ""Expression profiling by high throughput sequencing"" Homo sapiens"
GSE298563,Multi-omic profiling unveils molecular landscapes and heterogeneous tumor microenvironment in sinonasal squamous cell carcinoma [RPMI2650 bulk RNA-seq],Homo sapiens,GSE,1,,GSE298563_raw_counts.txt.gz,GSE298563_raw_counts.txt.gz,False,False,"hypoxia normoxia ""Expression profiling by high throughput sequencing"" Homo sapiens"
GSE298931,Neuregulin 4 and the Erb-B2 Receptor Promote Hypoxia-Induced Adipose Tissue Browning in Mice,Mus musculus,GSE,3,,GSE298931_RAW.tar;GSE298931_raw_counts.txt.gz;filelist.txt,GSE298931_raw_counts.txt.gz,False,False,"hypoxia normoxia ""Expression profiling by high throughput sequencing"" Mus musculus"
GSE299396,Pseudohypoxic stabilization of HIF1α via suppression of cyclophilin D promotes metastasis of melanoma,Mus musculus,GSE,1,,GSE299396_All_samples_TPM_matrix.txt.gz,,False,False,"hypoxia normoxia ""Expression profiling by high throughput sequencing"" Mus musculus"
GSE300313,Hypoxia increases susceptibility of human intestinal epithelial cells to rotavirus infection through repression of interferon induction,Homo sapiens,GSE,2,,GSE300313_gene_count_GEO.csv.gz;GSE300313_gene_fpkm_GEO.csv.gz,GSE300313_gene_count_GEO.csv.gz;GSE300313_gene_fpkm_GEO.csv.gz,False,False,"hypoxia normoxia ""Expression profiling by high throughput sequencing"" Homo sapiens"
GSE300330,Hypoxic stress dysregulates functions of glioma-associated myeloid cells through epigenomic and transcriptional programs,Mus musculus,GSE,2,,GSE300330_RAW.tar;filelist.txt,,False,False,"hypoxia normoxia ""Expression profiling by high throughput sequencing"" Mus musculus"
GSE301350,Cell-Specific Transcriptomic and Mito-Nuclear Imbalance in Lungs Under Intermittent Hypoxia in Adult Male Mice. ,Mus musculus,GSE,2,,GSE301350_RAW.tar;filelist.txt,,False,False,"hypoxia normoxia ""Expression profiling by high throughput sequencing"" Mus musculus"
GSE301479,RNA-seq analysis of pulmonary arterial smooth muscle cells (PASMCs) and bronchial smooth muscle cells (BSMCs) after pulmonary arterial hypertension (PAH) treatment,Mus musculus,GSE,1,,GSE301479_processed.txt.gz,,False,False,"hypoxia normoxia ""Expression profiling by high throughput sequencing"" Mus musculus"
GSE301598,Comparative single-cell transcriptomic analysis of human primary and stem cell-derived islets under acute hypoxia,Homo sapiens,GSE,2,,GSE301598_RAW.tar;filelist.txt,,False,False,"hypoxia normoxia ""Expression profiling by high throughput sequencing"" Homo sapiens"
GSE302085,HIF-1alpha activity affects stem cell fate in patient-derived ileum organoids,Homo sapiens,GSE,1,,GSE302085_hypoxia_seurat.rds,,False,False,"hypoxia normoxia ""Expression profiling by high throughput sequencing"" Homo sapiens | hypoxia normoxia ""Expression profiling by high throughput sequencing"" Mus musculus"
GSE302327,HIF-1alpha activity affects stem cell fate in patient-derived ileum organoids,Homo sapiens,GSE,1,,GSE302327_hypoxia_filtered_counts.csv.gz,GSE302327_hypoxia_filtered_counts.csv.gz,False,False,"hypoxia normoxia ""Expression profiling by high throughput sequencing"" Homo sapiens | hypoxia normoxia ""Expression profiling by high throughput sequencing"" Mus musculus"
GSE302604,Chronic intermittent hypoxia mimicking sleep apnea reshapes the liver circadian metabolic architecture,Mus musculus,GSE,2,,GSE302604_liverIH.tsv.gz;GSE302604_liverNO.tsv.gz,,False,False,"hypoxia normoxia ""Expression profiling by high throughput sequencing"" Mus musculus"
GSE302709,Bioengineered Extracellular Vesicles Co-delivering PD-L1 and miR-27a-3p Synergistically Reprogram T cells To Treat Inflammatory Bowel Disease [RNA-Seq],Homo sapiens,GSE,2,,GSE302709_raw_count_BMI_human_bulk.tsv.gz;GSE302709_raw_countmatrix_BMI_mscs.tsv.gz,GSE302709_raw_count_BMI_human_bulk.tsv.gz;GSE302709_raw_countmatrix_BMI_mscs.tsv.gz,False,False,"hypoxia normoxia ""Expression profiling by high throughput sequencing"" Homo sapiens | hypoxia normoxia ""Expression profiling by high throughput sequencing"" Mus musculus"
GSE302803,Derivation of Genetically-Defined Murine Hepatoblastoma Cell Lines with Angiogenic Potential,Mus musculus,GSE,1,,GSE302803_salmon.merged.gene_tpm.tsv.gz,,False,False,"hypoxia normoxia ""Expression profiling by high throughput sequencing"" Homo sapiens | hypoxia normoxia ""Expression profiling by high throughput sequencing"" Mus musculus"
GSE302997,JAX Study 8- RNA-seq of male KOLF2.2J hiPSC-derived trophoblast cell lines homozygous null for nine different transcription factors.,Homo sapiens,GSE,8,,GSE302997_study8_featureCounts.csv.gz;GSE302997_study8_genesCounts.csv.gz;GSE302997_study8_genesRawCounts.csv.gz;GSE302997_study8_genesTPM.csv.gz;GSE302997_study8_stats.csv.gz;GSE302997_study8_txCounts.csv.gz;GSE302997_study8_txRawCounts.csv.gz;GSE302997_study8_txTPM.csv.gz,GSE302997_study8_featureCounts.csv.gz;GSE302997_study8_genesCounts.csv.gz;GSE302997_study8_genesRawCounts.csv.gz;GSE302997_study8_txCounts.csv.gz;GSE302997_study8_txRawCounts.csv.gz,False,False,"hypoxia normoxia ""Expression profiling by high throughput sequencing"" Homo sapiens"
GSE304165,Single-cell RNA-seq of femoral bone cells reveals cellular heterogeneity and molecular mechanisms of chronic intermittent hypoxia-induced bone growth impairment,Mus musculus,GSE,1,,GSE304165_SGS24070111_20240701959.rds,,False,False,"hypoxia normoxia ""Expression profiling by high throughput sequencing"" Mus musculus"
GSE304315,Brain pericytes derived from human pluripotent stem cells retain vascular and phagocytic functions under hypoxia,Homo sapiens,GSE,2,,GSE304315_RAW.tar;filelist.txt,,False,False,"hypoxia normoxia ""Expression profiling by high throughput sequencing"" Homo sapiens | hypoxia normoxia ""Expression profiling by high throughput sequencing"" Mus musculus"
GSE304599,KDM8 is a master regulator for hypoxia-induced metastatic heterogeneity in pancreatic cancer [Bulk RNA-Seq],Mus musculus,GSE,1,,GSE304599_Kdm8expr_count_110323.txt.gz,GSE304599_Kdm8expr_count_110323.txt.gz,False,False,"hypoxia normoxia ""Expression profiling by high throughput sequencing"" Mus musculus"
GSE304604,KDM8 is a master regulator for hypoxia-induced metastatic heterogeneity in pancreatic cancer [scRNA-Seq],Mus musculus,GSE,1,,GSE304604_combined_obj_updated_073125.RDS,,False,False,"hypoxia normoxia ""Expression profiling by high throughput sequencing"" Mus musculus"
GSE304609,KDM8 is a master regulator for hypoxia-induced metastatic heterogeneity in pancreatic cancer [RNA-Seq],Mus musculus,GSE,1,,GSE304609_Kdm8KD_count_090522.txt.gz,GSE304609_Kdm8KD_count_090522.txt.gz,False,False,"hypoxia normoxia ""Expression profiling by high throughput sequencing"" Mus musculus"
GSE304622,KDM8 is a master regulator for hypoxia-induced metastatic heterogeneity in pancreatic cancer,Mus musculus,GSE,2,,GSE304622_RAW.tar;filelist.txt,,False,False,"hypoxia normoxia ""Expression profiling by high throughput sequencing"" Mus musculus"
GSE305125,Molecular Signatures of Peripheral and Central Dental Pulp Subpopulations in Response to Streptococcus mutans: A Bulk RNA-Seq Analysis ,Homo sapiens,GSE,2,,GSE305125_VST_Counts_DonorEffectCorrected_bac_ctr_withoutGonosomen.txt.gz;GSE305125_counts_raw.txt.gz,GSE305125_VST_Counts_DonorEffectCorrected_bac_ctr_withoutGonosomen.txt.gz;GSE305125_counts_raw.txt.gz,False,False,"""hypoxia"" ""DESeq2"" ""GSE"" ""Homo sapiens"""
GSE307217,Activations of transposon elements are associated with onset of Fragile-X disorders,Homo sapiens,GSE,2,,GSE307217_rsem_tpm.txt.gz;GSE307217_star_counts.txt.gz,GSE307217_star_counts.txt.gz,False,False,"hypoxia normoxia ""Expression profiling by high throughput sequencing"" Homo sapiens"
GSE307311,Hypoxia promotes BCMA loss and a suppressive secretome thereby hindering CAR T cell therapy in multiple myeloma,Homo sapiens,GSE,1,,GSE307311_rawFeatureCounts_allSamples.csv.gz,GSE307311_rawFeatureCounts_allSamples.csv.gz,False,False,"hypoxia normoxia ""Expression profiling by high throughput sequencing"" Homo sapiens"
GSE307666,eIF3d and eIF3e mediate selective translational control of hypoxia that can be inhibited by small molecules,Homo sapiens,GSE,1,,GSE307666_salmon_counts.tsv.gz,GSE307666_salmon_counts.tsv.gz,False,False,"hypoxia normoxia ""Expression profiling by high throughput sequencing"" Homo sapiens"
GSE308360,Lactate promotes cholesterol uptake by facilitating SCARB1 expression through histone H3K18 lactylation,Homo sapiens,GSE,2,,GSE308360_RAW.tar;filelist.txt,,False,False,"hypoxia normoxia ""Expression profiling by high throughput sequencing"" Homo sapiens"
GSE310388,In situ multi-modal characterization of pancreatic cancer reveals tumor cell identity as a defining factor of the surrounding microenvironment. [RNA-Seq],Homo sapiens,GSE,2,,GSE310388_RAW.tar;filelist.txt,,False,False,"hypoxia normoxia ""Expression profiling by high throughput sequencing"" Homo sapiens | hypoxia normoxia ""Expression profiling by high throughput sequencing"" Mus musculus"
GSE310492,ADH1C downregulation is a key hypoxia response in colon epithelium,Homo sapiens,GSE,2,,GSE310492_RNA_Seq_Ischemic_Colitis_normalized_counts.csv.gz;GSE310492_colonoid_hypoxia_gene_count.txt.gz,GSE310492_RNA_Seq_Ischemic_Colitis_normalized_counts.csv.gz;GSE310492_colonoid_hypoxia_gene_count.txt.gz,False,False,"hypoxia normoxia ""Expression profiling by high throughput sequencing"" Homo sapiens"
GSE311117,Effect of CA3 overexpression on signalling pathways in different cell lines,Homo sapiens,GSE,1,,GSE311117_NCBI_counts.csv.gz,GSE311117_NCBI_counts.csv.gz,False,False,"hypoxia normoxia ""Expression profiling by high throughput sequencing"" Homo sapiens"
GSE311482,IRF3 attenuates hypoxia signaling by retaining HIF-α in the cytoplasm,Homo sapiens,GSE,1,,GSE311482_FPKM_allsample.xlsx,GSE311482_FPKM_allsample.xlsx,False,False,"hypoxia normoxia ""Expression profiling by high throughput sequencing"" Homo sapiens | hypoxia normoxia ""Expression profiling by high throughput sequencing"" Mus musculus"
GSE311800,Restores Epithelial Identity and Mitigates Lung Fibrosis,Homo sapiens,GSE,1,,GSE311800_DEG_Results_All_Comparisons.xlsx,GSE311800_DEG_Results_All_Comparisons.xlsx,True,False,"hypoxia normoxia ""Expression profiling by high throughput sequencing"" Homo sapiens"
GSE313740,Transcriptomic and Epigenomic profiles analysis during human adaptation to simulated High-Altitude Hypoxia,Homo sapiens,GSE,1,,GSE313740_processed_dataxGEO_14dic25.xlsx,,False,False,"hypoxia normoxia ""Expression profiling by high throughput sequencing"" Homo sapiens"
GSE314728,KG1a phenotypic subsets under normoxia and hypoxia,Homo sapiens,GSE,1,,GSE314728_Processed_data_CP20122025.xlsx,,False,False,"hypoxia normoxia ""Expression profiling by high throughput sequencing"" Homo sapiens"
GSE315097,Lactylation of HIF-1α at K172 drives HIF1 complex assemble to promote hypoxia-induced immune evasion in esophageal squamous cell carcinoma [RNA-Seq],Homo sapiens,GSE,1,,GSE315097_gene_count_mat.txt.gz,GSE315097_gene_count_mat.txt.gz,False,False,"hypoxia normoxia ""Expression profiling by high throughput sequencing"" Homo sapiens | hypoxia normoxia ""Expression profiling by high throughput sequencing"" Mus musculus"
GSE315475,Mice with targeted deletion of the Vasoactive Intestinal Peptide (VIP) gene have spontaneous pulmonary arterial hypertension exaggerated with hypoxia,Mus musculus,GSE,1,,GSE315475_Normalized_Gene_counts_all_samples.csv.gz,GSE315475_Normalized_Gene_counts_all_samples.csv.gz,False,False,"hypoxia normoxia ""Expression profiling by high throughput sequencing"" Homo sapiens | hypoxia normoxia ""Expression profiling by high throughput sequencing"" Mus musculus"
GSE316455,Hypoxia-induced CD147-enriched migrasomes promote sorafenib resistance in HCC by inducing vasculogenic mimicry via PI3K/AKT/TWIST1 signaling,Homo sapiens,GSE,2,,GSE316455_FPKMs_allSamples.txt.gz;GSE316455_raw_counts_allSamples.txt.gz,GSE316455_FPKMs_allSamples.txt.gz;GSE316455_raw_counts_allSamples.txt.gz,False,False,"hypoxia normoxia ""Expression profiling by high throughput sequencing"" Homo sapiens"
GSE316502,Transcriptomic Profiling of the Sex-linked Biological Pathways of Severe Pulmonary Arterial Hypertension associated with Endothelial Cell Caveolin-1 Depletion and Chronic Hypoxia,Mus musculus,GSE,2,,GSE316502_gene_count.txt.gz;GSE316502_gene_fpkm.txt.gz,GSE316502_gene_count.txt.gz;GSE316502_gene_fpkm.txt.gz,False,False,"hypoxia normoxia ""Expression profiling by high throughput sequencing"" Mus musculus"
GSE316557,Lactate-mediated cholesterol uptake promotes liver cancer progression through the SCARB1-autophagy axis,Homo sapiens,GSE,2,,GSE316557_RAW.tar;filelist.txt,,False,False,"hypoxia normoxia ""Expression profiling by high throughput sequencing"" Homo sapiens"
GSE318243,The role and mechanism of hypoxia-induced lncRNA in regulating ferroptosis in hepatocellular carcinoma,Homo sapiens,GSE,1,,GSE318243_Huh7_all_FPKM.tsv.gz,GSE318243_Huh7_all_FPKM.tsv.gz,False,False,"hypoxia normoxia ""Expression profiling by high throughput sequencing"" Homo sapiens"
GSE319526,Effect of HIF-1alpha and HIF-2alpha on hypoxic response in Panc1 cells,Homo sapiens,GSE,1,,GSE319526_combined_counts.tsv.gz,GSE319526_combined_counts.tsv.gz,False,False,"hypoxia normoxia ""Expression profiling by high throughput sequencing"" Homo sapiens"
GSE319951,Effect of pancreatic tumor interstitial fluid media on transcriptional responses in PDAC cells,Homo sapiens,GSE,2,,GSE319951_allreads.tsv.gz;GSE319951_reads_mat.tsv.gz,,False,False,"hypoxia normoxia ""Expression profiling by high throughput sequencing"" Homo sapiens"
GSE320200,Effect of ARNT on hypoxic response in Panc1 cells,Homo sapiens,GSE,1,,GSE320200_combined_counts.tsv.gz,GSE320200_combined_counts.tsv.gz,False,False,"hypoxia normoxia ""Expression profiling by high throughput sequencing"" Homo sapiens"
GSE320497,Identifying the therapeutic potential of Niclosamide in overcoming IFN-gamma dependent cancer immune evasion in the Tumor Microenvironment,Mus musculus,GSE,1,,GSE320497_All_samples_gene_counts.txt.gz,GSE320497_All_samples_gene_counts.txt.gz,False,False,"hypoxia normoxia ""Expression profiling by high throughput sequencing"" Mus musculus"
GSE328461,Osteopontin links acquired resistance to hypoxia-inducing antiangiogenics with refractoriness to anti-PD-L1 agents in breast cancer,Mus musculus,GSE,1,,GSE328461_RAW_RNAseq_counts.tsv.gz,GSE328461_RAW_RNAseq_counts.tsv.gz,False,False,"hypoxia normoxia ""Expression profiling by high throughput sequencing"" Mus musculus"
GSE328627,"Clinically approved HIF‑PHIs modulate redox metabolism, cell growth, and angiogenesis independent of HIF‑1α/HIF‑2α",Homo sapiens,GSE,5,,GSE328627_P8_FGvsWT_16_DEG_all.xls.gz;GSE328627_P8_MolivsWT_16_deg_all.xls.gz;GSE328627_WT_5vsWT_16_DEG_all.xls.gz;GSE328627_WT_FGvsWT_16_DEG_all.xls.gz;GSE328627_WT_MolivsWT_16_deg_all.xls.gz,GSE328627_P8_FGvsWT_16_DEG_all.xls.gz;GSE328627_P8_MolivsWT_16_deg_all.xls.gz;GSE328627_WT_5vsWT_16_DEG_all.xls.gz;GSE328627_WT_FGvsWT_16_DEG_all.xls.gz;GSE328627_WT_MolivsWT_16_deg_all.xls.gz,True,False,"hypoxia normoxia ""Expression profiling by high throughput sequencing"" Homo sapiens"
GSE329678,Simvastatin Reprograms Lipid Metabolism in B16.F10 Melanoma Cells to Favor an Early Resistant Phenotype,Mus musculus,GSE,5,,GSE329678_SuppTable1_Diff_expression_analysis_Allgenes_B16.F10.csv.gz;GSE329678_SuppTable2_GO_KEGG_enrichment.csv.gz;GSE329678_SuppTable3_PPI_network.csv.gz;GSE329678_SuppTable4_aggressiveness_DEGs.csv.gz;GSE329678_SuppTable6_in_silico_analysis.csv.gz,GSE329678_SuppTable1_Diff_expression_analysis_Allgenes_B16.F10.csv.gz;GSE329678_SuppTable4_aggressiveness_DEGs.csv.gz,True,False,"hypoxia normoxia ""Expression profiling by high throughput sequencing"" Mus musculus"
